barcode,total,duplicate,chimeric,unmapped,lowmapq,mitochondrial,passed_filters,cell_id,is__cell_barcode,TSS_fragments,DNase_sensitive_region_fragments,enhancer_region_fragments,promoter_region_fragments,on_target_fragments,blacklist_region_fragments,peak_region_fragments,peak_region_cutsites
TTACGGAAGCCATCAT-1,95732,42120,2755,857,6799,867,42334,_cell_6228,1,25073,35518,4208,26193,37698,0,32764,64361
ACTAGGTCATTCTCGC-1,11654,4536,308,43,885,108,5774,_cell_738,1,3199,4497,592,3308,4866,0,4161,8130
CTCACCACATGCGACC-1,10273,4014,335,67,833,38,4986,_cell_2673,1,2774,3785,505,2804,4110,1,3471,6845
TAATTCCAGAGCACTG-1,11022,5236,367,83,873,152,4311,_cell_4913,1,2330,3255,465,2361,3547,3,2986,5878
TGCATGACAATGCCAT-1,84030,29636,1684,892,6840,1977,43001,_cell_5818,1,22952,33056,4910,23734,36069,1,29573,56960
ATCCTGCTCACATTCT-1,17537,9179,524,142,1279,106,6307,_cell_1332,1,3771,5050,480,3959,5378,2,4739,9363
CTAACTTGTGCTAGTT-1,13924,7006,415,119,1056,315,5013,_cell_2557,1,2730,3822,574,2806,4164,0,3505,6893
GGAACCCTCCCAATGA-1,8086,3621,225,67,743,1,3429,_cell_4016,1,1964,2535,343,1975,2766,0,2316,4589
GATCATGGTACGGATG-1,3365,1785,84,25,299,83,1089,_cell_3356,1,581,827,102,608,907,0,752,1459
CAAGGCCTCACAAGCT-1,16311,7199,437,100,1219,261,7095,_cell_1599,1,3695,5479,813,3861,5955,1,4967,9680
ATCGAGTGTAGTGATA-1,13925,5400,387,97,928,5,7108,_cell_1343,1,3744,5669,892,3875,6119,1,4918,9580
GGAGGATGTCAACAGG-1,3880,2059,101,37,286,21,1376,_cell_4094,1,799,1118,126,812,1196,0,1023,1998
TGGACATAGATCGAGC-1,13515,5149,371,81,1011,17,6886,_cell_5977,1,3770,5631,821,3905,6032,2,4980,9751
GGAGAACCAACGCAAG-1,14825,7050,351,126,1296,769,5233,_cell_4073,1,2871,4055,538,2969,4400,0,3770,7405
AGTTTGGTCGATCTTT-1,11406,4176,275,70,1051,347,5487,_cell_1225,1,2822,4088,648,2908,4479,2,3568,6916
CGCAGGTTCTTACCTA-1,20683,10260,701,175,1473,33,8041,_cell_2365,1,4476,6278,826,4610,6798,0,5869,11530
CAGGGCTGTAGTACAA-1,22567,8987,493,188,1735,325,10839,_cell_1813,1,6916,9155,856,7237,9715,0,8621,16826
AATGTCGTCTCTGTTA-1,10010,4318,315,89,974,85,4229,_cell_425,1,2409,3153,415,2455,3429,0,2926,5794
CTCAACCCACAGTAGG-1,2040,800,71,16,118,23,1012,_cell_2650,1,571,797,96,594,862,0,732,1431
TTGTCTATCTGGGCGT-1,21498,10942,494,196,1635,594,7637,_cell_6631,1,4432,6128,722,4615,6579,0,5711,11290
ACTGCAATCAGGTCTA-1,16332,8054,513,152,1288,13,6312,_cell_785,1,3484,4870,677,3575,5283,1,4456,8783
CATTGGACAGCGTCGT-1,2620,601,25,22,209,43,1720,_cell_1940,1,911,1243,178,944,1357,0,1115,2118
TTCGATTAGGCTGGAT-1,23769,12296,651,224,1828,400,8370,_cell_6385,1,4799,6883,852,5016,7328,0,6406,12597
GGCACGTCAATGAAAC-1,6452,3238,203,34,398,3,2576,_cell_4147,1,1520,2209,269,1589,2333,0,2021,3977
AATGGAAGTCATTGGT-1,18711,8601,545,135,1484,212,7734,_cell_389,1,3824,5336,850,3915,5981,0,4811,9448
CAACGGCAGGGTATCG-1,14729,6566,419,131,1377,542,5694,_cell_1542,1,2674,3773,654,2696,4270,0,3376,6629
TTAGCTTTCCAATAGC-1,18122,7066,508,101,1584,42,8821,_cell_6302,1,3388,6094,1428,3436,6894,1,4777,9253
GTCACGGAGTGATTAG-1,11312,5028,300,99,903,172,4810,_cell_4478,1,2704,3666,465,2786,3977,0,3398,6686
GCACCTTGTATCTGCA-1,21727,9483,546,165,1454,33,10046,_cell_3481,1,4463,7421,1573,4566,8266,0,6168,11965
AGCCTCTCACAGTTCA-1,13131,6026,338,90,1250,1063,4364,_cell_917,1,2301,3177,426,2377,3478,1,2924,5785
ATGTCGAAGCCATCAT-1,3225,1839,78,28,224,22,1034,_cell_1396,1,584,818,112,601,893,0,755,1464
TTGGTCCAGGTACTCT-1,24898,12433,766,190,1773,495,9241,_cell_6603,1,5564,7688,918,5765,8230,0,7113,14011
TCACCACAGGTCGTTT-1,15413,7403,499,123,1199,0,6189,_cell_5400,1,3545,4822,582,3626,5179,0,4429,8731
CCTGCTAGTGGCCTCA-1,16583,8074,439,132,1087,132,6719,_cell_2238,1,3499,5437,882,3648,5855,0,4819,9456
TTACTTGCATAGAATG-1,28314,12002,1039,252,2788,93,12140,_cell_6272,1,4184,5973,1479,4027,7183,0,5025,9904
CTCTAGCGTTCCATCC-1,6996,3067,151,36,519,81,3142,_cell_2760,1,1687,2309,325,1745,2548,0,2107,4097
TAGTCCCGTAACCGAG-1,13900,6630,343,109,1150,59,5609,_cell_5233,1,2948,4139,572,3057,4529,1,3733,7313
TCACCTGCATAGCCAT-1,18084,7417,512,137,1413,456,8149,_cell_5411,1,4420,6376,855,4605,6920,0,5837,11410
ATATTCCTCTGGCCAG-1,20540,9709,657,149,1745,367,7913,_cell_1273,1,3610,5284,980,3672,5944,0,4650,9145
TTGTTCATCACACGTA-1,18538,8517,605,383,1401,209,7423,_cell_6645,1,4197,5895,728,4316,6312,0,5396,10607
AGCCTTCCATATACGC-1,13816,5576,378,95,930,5,6832,_cell_943,1,3124,5149,975,3196,5673,0,4319,8319
AATGGCTTCATGTTCT-1,13941,6192,405,107,1225,116,5896,_cell_408,1,3325,4518,587,3416,4914,1,4153,8149
GGCATTAAGTCTCCAA-1,16444,6466,483,153,1117,2,8223,_cell_4169,1,4136,6594,1179,4270,7146,0,5693,11046
GAAACAAGTAGAATAC-1,11785,4909,300,122,910,115,5429,_cell_3010,1,2286,3764,843,2320,4188,0,3149,6101
GCGCCAAGTGCAACAG-1,22678,11140,611,183,2136,259,8349,_cell_3812,1,4111,5611,966,4084,6349,0,4994,9859
TGTTAGGGTTTCTACT-1,22850,11404,701,160,1902,128,8555,_cell_6184,1,4306,6446,1052,4456,7013,2,5786,11366
CACAACAGTGTTGGTT-1,63926,29356,1726,550,5055,1277,25962,_cell_1637,1,16035,21910,2199,16741,23220,4,20751,40683
AACCTTTTCCAACGCG-1,14852,6615,404,108,1311,273,6141,_cell_226,1,3039,4355,712,3092,4844,0,3900,7657
AGCTGGCCAATGGTAA-1,5492,2634,160,45,404,75,2174,_cell_1035,1,1232,1734,203,1292,1868,0,1608,3139
GCCAGACAGCAGGAGG-1,10281,4347,203,79,754,160,4738,_cell_3617,1,2606,3663,464,2707,3982,0,3361,6570
CCTCCCTAGTGATTAG-1,1804,427,55,17,257,0,1048,None,0,131,202,203,50,398,1,51,96
CATTGGATCTTACCTA-1,1953,531,46,14,309,4,1049,None,0,139,226,205,79,420,0,76,140
TCGATTTGTAGATGAT-1,1847,428,63,15,289,28,1024,None,0,100,220,160,59,365,0,68,122
TTGTTCAGTGCCCTAG-1,2393,605,80,18,338,25,1327,None,0,179,269,221,114,502,0,101,184
CCGTAGGAGGAAGGTA-1,1916,450,49,9,306,51,1051,None,0,120,219,188,56,389,0,59,111
TTGGTCCAGCTGAAAT-1,3212,841,107,22,520,1,1721,None,0,206,376,359,85,684,0,79,147
GAAGTGGTCTGTGTGA-1,1951,480,59,8,324,32,1048,None,0,124,209,193,59,408,0,51,96
GTTATGGCAAAGAAGG-1,4156,1832,172,25,550,150,1427,None,0,194,324,236,106,550,0,102,194
TCGTTCGAGGGTATCG-1,2283,479,56,13,425,24,1286,None,0,153,256,248,60,486,0,67,119
TTTGCGCTCCGCTCTA-1,2457,520,68,15,392,4,1458,None,0,168,319,258,85,564,0,88,163
CTAGGATCACGCTGTG-1,1739,372,29,8,271,2,1057,None,0,129,204,177,70,387,0,55,103
TTGCAGATCACGATTG-1,1996,575,83,12,283,24,1019,None,0,134,252,200,64,419,1,70,132
AGCGATTCATTAAGGA-1,2056,468,47,21,316,33,1171,None,0,123,223,201,62,419,0,48,85
TCCAGAAAGCGCCTAC-1,3008,609,92,236,456,29,1586,None,0,144,243,248,61,478,0,69,127
GCGCATGGTGTCTACA-1,1852,424,51,11,304,1,1061,None,0,128,217,195,64,404,0,54,104
CCCTAGTAGTTCAACC-1,2983,691,89,16,452,11,1724,None,0,162,324,328,63,622,0,64,112
CGCAGGTGTCGCTAGC-1,2277,483,65,10,312,18,1389,None,0,129,296,258,70,525,0,74,135
TTCTGTATCTCGTAGA-1,2118,494,59,18,272,1,1274,None,0,127,285,233,65,485,1,69,130
TAAGCCAAGCCTGTAT-1,1818,417,56,13,282,4,1046,None,0,140,227,189,47,402,0,48,89
TAGCTTTAGCTGATTC-1,1694,324,49,8,252,43,1018,None,0,117,221,156,56,383,0,58,105
TCTCTGGAGTTACCAC-1,3111,807,86,12,418,1,1787,None,0,190,365,343,79,664,3,92,174
CGTAAACGTGAGTCGA-1,2387,556,85,20,454,1,1271,None,0,130,225,223,63,446,0,51,91
GAACCTAAGGAAGGTA-1,2119,514,84,10,401,60,1050,None,0,138,207,173,55,388,1,59,110
TTCGCGTGTCCAAGAG-1,2309,573,55,11,457,54,1159,None,0,163,256,174,90,435,0,69,130
CCTGGGAGTAACGGCA-1,2346,614,54,26,409,134,1109,None,0,119,220,209,56,408,0,57,108
CCCGTTAAGATAGGTT-1,1830,402,57,14,274,34,1049,None,0,118,194,183,52,376,0,45,87
GTCACAAGTGAGGTCA-1,2752,538,79,15,459,26,1635,None,0,172,349,341,74,641,0,90,164
TGATGCAGTCAGTGCC-1,2471,514,90,10,364,14,1479,None,0,162,289,277,83,547,0,70,127
GCTCAGGCACTGTAAC-1,1788,371,51,3,312,20,1031,None,0,110,202,177,49,351,0,46,85
CTAGCGGAGCTTTCCC-1,1609,333,64,3,190,14,1005,None,0,110,214,161,64,347,0,59,112
CACCTGTGTCAACGGA-1,1822,435,52,12,273,11,1039,None,0,131,246,191,65,411,0,45,84
AAGGAGCGTCAAGACG-1,2668,615,90,11,421,3,1528,None,0,181,310,261,88,578,0,86,160
ATTCGTTCACCTGAAT-1,2210,628,49,19,335,6,1173,None,0,123,226,206,59,425,0,55,105
AACGTACTCTTGTGCC-1,1814,298,54,15,264,22,1161,None,0,105,209,215,54,412,0,61,110
GCAGCCAAGCGCATTT-1,2106,432,60,13,362,0,1239,None,0,118,210,241,42,423,1,44,77
TTGACGATCGATGTAC-1,1766,380,72,9,242,34,1029,None,0,106,245,207,64,423,3,69,130
AGACAAACATGGCCTG-1,1923,407,47,8,426,28,1007,None,0,99,182,202,45,347,0,46,83
AATGCCAGTAACGGCA-1,2797,707,101,23,419,22,1525,None,0,167,318,285,72,570,0,60,110
TAGGAGGAGGCCAATG-1,2180,598,71,17,400,4,1090,None,0,168,263,185,69,444,0,60,111
AACGGGACAATTAGGA-1,2833,700,95,20,509,42,1467,None,0,157,276,250,59,507,0,60,115
TCCAGAAGTATTCTGG-1,1742,432,48,9,221,2,1030,None,0,85,227,223,50,396,1,69,131
CACTAAGGTTACCACA-1,1805,467,70,18,208,1,1041,None,0,120,251,181,84,428,0,79,143
GCAACCGAGAACTCCT-1,1946,517,99,12,262,0,1056,None,0,125,207,210,55,405,0,49,91
ACTATTCAGTTGAATG-1,1911,505,48,12,309,6,1031,None,0,115,210,208,50,406,0,52,97
TATGTTCTCCATACGA-1,2013,471,82,22,355,4,1079,None,0,142,218,183,57,408,0,67,124
AGATTCGCATGGTTTG-1,2045,490,54,7,295,8,1191,None,0,112,245,263,48,449,0,49,92
TACGCAATCCTGACCT-1,2136,552,46,15,333,21,1169,None,0,135,266,206,82,454,3,87,165
GCACCTTTCGACTTAG-1,2441,599,73,17,383,47,1322,None,0,133,252,193,62,436,1,83,151
CACGTTCTCCTAAGTG-1,1991,469,61,17,274,5,1165,None,0,145,241,225,44,443,0,48,88
GACCTTCTCAAGAGGC-1,1668,357,57,19,220,1,1014,None,0,109,209,172,66,383,0,60,112
ATCGAGTGTCCAACCG-1,1,0,0,0,0,0,1,None,0,0,1,1,0,1,0,0,0
TTGCACCCAAGCCCTG-1,2,1,0,0,0,0,1,None,0,0,1,0,0,1,0,0,0
CGATGATGTATTTGCG-1,38,8,0,0,2,0,28,None,0,4,3,2,1,6,0,1,1
TTGTTGTAGCGCAATG-1,2,0,0,0,0,0,2,None,0,1,1,0,1,1,0,1,2
TTACCGCAGTGATATG-1,5,1,1,1,0,0,2,None,0,0,2,1,0,2,0,0,0
CAAGGCCGTGTTAGAA-1,2,0,0,0,0,0,2,None,0,0,0,0,0,0,0,0,0
GCGATCGCACCCTTTG-1,1,0,0,0,0,0,1,None,0,0,1,0,0,1,0,0,0
CCATACCCACGGTTAT-1,3,1,0,0,0,0,2,None,0,0,1,1,0,2,0,0,0
AAGGTTCAGTGTCGCC-1,6,1,0,0,0,0,5,None,0,0,2,1,0,2,0,0,0
TAACTTCCAAGGTTCT-1,1,0,0,0,0,0,1,None,0,1,0,0,1,1,0,0,0
CGTAAACTCTAGTCGA-1,8,4,0,1,1,0,2,None,0,0,1,0,1,1,0,1,2
GGGCCATCAAGCGTCC-1,1,0,0,0,0,0,1,None,0,0,1,0,0,1,0,1,1
ATAGGCTGTAGCGTTT-1,2,1,0,0,0,0,1,None,0,0,1,0,0,1,0,0,0
GCGATTACATAAAGTG-1,2,1,0,1,0,0,0,None,0,0,0,0,0,0,0,0,0
TGACAACAGGTCTTGT-1,1,0,0,0,0,0,1,None,0,1,0,0,0,1,0,0,0
CACAACAAGTTACCAC-1,5,0,0,2,0,0,3,None,0,1,2,1,1,3,0,2,4
CAATCCCTCCCGAAGC-1,6,1,0,0,0,0,5,None,0,0,1,2,0,2,0,0,0
GTAGGAGAGCTACGTT-1,2,1,0,0,0,0,1,None,0,0,1,0,0,1,0,1,2
ACGTTAGCAACGTCGC-1,2,1,0,0,0,0,1,None,0,0,0,0,0,0,0,0,0
AACCTTTAGTCTTAGC-1,3,0,0,0,0,0,3,None,0,0,0,0,0,0,0,0,0
TCTAGTTCAAGGAAGA-1,2,1,0,1,0,0,0,None,0,0,0,0,0,0,0,0,0
TTTGCGCCACTGTAAC-1,6,0,0,0,1,0,5,None,0,0,1,0,0,1,0,0,0
TTCTGTATCACCGCGA-1,3,2,0,0,1,0,0,None,0,0,0,0,0,0,0,0,0
ACTTTCATCGCACAAT-1,6,0,0,1,0,1,4,None,0,0,3,1,0,3,0,1,2
TAACTTCGTCAAATCC-1,5,1,0,0,0,0,4,None,0,0,1,2,0,2,0,1,2
ACCCAAAGTACTTGAC-1,3,0,0,0,1,0,2,None,0,0,1,0,0,1,0,0,0
TCTATTGGTCAGGCTC-1,1,0,0,0,1,0,0,None,0,0,0,0,0,0,0,0,0
TTGAGTGCAGCAACGA-1,3,1,0,0,0,0,2,None,0,0,1,1,0,1,0,0,0
GTTACTTAGCTAACAA-1,5,1,1,0,0,0,3,None,0,0,0,0,0,0,0,0,0
GCTCGAGCATGGTATC-1,7,2,0,0,0,0,5,None,0,2,2,0,2,2,0,2,4
TACCCTGTCGTTTGAG-1,1,0,0,0,0,0,1,None,0,0,0,1,0,1,0,0,0
GCAGATTCATGGCCCA-1,14,3,0,0,1,0,10,None,0,3,7,1,3,8,0,6,12
TTACTCACATCAACTG-1,6,1,0,4,0,0,1,None,0,0,0,0,0,0,0,0,0
GTTGGTAAGTTGAATG-1,17,3,0,1,5,1,7,None,0,1,4,1,2,4,0,5,10
TTACCGCGTTAGGAAT-1,5,2,0,0,0,0,3,None,0,1,1,0,1,1,0,1,2
TGGCAATGTGTCGTCG-1,2,0,0,0,0,0,2,None,0,2,2,0,2,2,0,2,4
ACTCGGGAGTCGATAA-1,3,1,0,0,1,0,1,None,0,0,0,0,0,0,0,0,0
CACAGATAGACTAATG-1,88,26,7,3,6,2,44,None,0,4,13,13,1,21,0,1,2
ACCGGGTAGATAGGTT-1,2,1,0,0,0,0,1,None,0,0,0,0,0,0,0,0,0
CAGCTGGTCGGATAGG-1,4,1,1,0,0,0,2,None,0,0,1,0,0,1,0,0,0
TCGTTCGCAAGTGGCA-1,1341,294,42,14,219,0,772,None,0,67,137,124,23,255,0,23,42
ATTGTGGTCACATCCC-1,7,0,1,0,2,0,4,None,0,3,4,0,3,4,0,4,8
TAACAGCCAAACCGAG-1,3,1,0,0,0,0,2,None,0,0,1,1,0,1,0,0,0
TTACGGACAATGTGCT-1,4,2,0,0,0,0,2,None,0,1,0,0,0,1,0,0,0
AATGGCTAGGATTTGA-1,4,1,0,0,1,0,2,None,0,1,2,0,1,2,0,1,2
ATTCGTTGTCGACTGC-1,4,0,0,0,2,0,2,None,0,1,1,1,1,2,0,1,2
GCTTAAGGTTTGTGAC-1,2,0,0,0,1,0,1,None,0,0,0,0,0,0,0,0,0
CGCTATCGTATTCGCA-1,3,1,0,0,0,0,2,None,0,1,1,1,0,1,0,0,0
CACTGAATCTGTGTCC-1,4,0,0,2,1,0,1,None,0,0,0,0,0,0,0,0,0
CACCTGTAGTACAGTA-1,2,1,0,0,0,0,1,None,0,0,1,0,0,1,0,1,2
GAAGTCTAGACGTCAG-1,1,0,0,1,0,0,0,None,0,0,0,0,0,0,0,0,0
ATAGTCGCAAAGGAAG-1,2,0,0,1,0,0,1,None,0,0,0,0,0,0,0,0,0
GACTAGTAGAGCTACG-1,1,0,0,0,0,0,1,None,0,0,1,1,0,1,0,0,0
GGGAACACACCTGAAT-1,1203,331,23,13,145,5,686,None,0,78,134,108,35,243,0,26,48
TCGGGACCAAGAGATT-1,6,1,0,0,0,0,5,None,0,0,1,1,1,2,0,1,2
TTAGCTTTCAAGAGAT-1,2,1,0,0,0,0,1,None,0,1,1,0,1,1,0,1,2
GTCACAAGTATTCGCA-1,2,1,0,0,0,0,1,None,0,0,0,0,0,0,0,0,0
AATGTCGAGACGAAAG-1,3,2,0,0,0,0,1,None,0,1,1,0,1,1,0,1,2
TAGCTTTTCCGGGCAT-1,7,0,0,0,4,0,3,None,0,0,1,0,1,2,0,1,2
CGTACAAGTTCCGCGA-1,1134,238,24,8,186,26,652,None,0,74,119,113,39,231,0,37,66
GCGGGTTTCCATAACG-1,1716,424,51,10,270,2,959,None,0,100,178,168,53,350,0,35,67
GAACTTGTCCATGACA-1,44,10,2,2,4,2,24,None,0,11,18,5,11,19,0,17,34
CAAAGCTCACACACCG-1,1724,400,61,13,262,6,982,None,0,92,175,182,43,349,0,56,99
GAAACAACATGTGAGG-1,1,0,0,0,0,0,1,None,0,0,0,0,0,0,0,0,0
CATTCATCAAGCGGTA-1,3,1,0,0,0,0,2,None,0,0,0,0,0,0,0,0,0
TCCCACATCGCGATGC-1,5,1,0,0,0,0,4,None,0,1,3,0,1,3,0,2,3
TGGTCCTCATCTCACC-1,1371,338,28,8,216,4,777,None,0,110,180,134,64,318,0,55,100
TTGCGGGTCAAGAGAT-1,4,0,0,1,0,0,3,None,0,0,0,1,0,1,0,0,0
GTAATCGCATTATGGC-1,2,0,0,0,1,0,1,None,0,0,0,0,0,0,0,0,0
AGCGTATTCTATCTAC-1,74,18,1,1,16,3,35,None,0,6,10,5,6,14,0,5,10
GTTCAAGTCTCTTCCT-1,5,1,0,0,1,0,3,None,0,0,0,0,0,0,0,0,0
TCGAGCGGTCGTCGCA-1,6,0,0,0,1,0,5,None,0,1,0,2,0,3,0,0,0
GATGATCCATATACGC-1,7,2,0,0,0,0,5,None,0,3,1,0,2,3,0,1,2
GTCACCTTCAGGGTTT-1,6,2,0,0,1,0,3,None,0,2,2,0,2,2,0,2,4
GAAGAGCAGGACTTTC-1,1,0,0,0,1,0,0,None,0,0,0,0,0,0,0,0,0
GCTCAGGCATTCTCGC-1,19,7,1,0,2,0,9,None,0,5,8,1,6,9,0,7,14
ATGCATGAGTTTACGC-1,2,0,0,0,2,0,0,None,0,0,0,0,0,0,0,0,0
TCAATTCAGGTGTCGA-1,5,1,0,2,1,0,1,None,0,0,1,0,0,1,0,0,0
GAGAACGAGTTCGACT-1,1158,236,25,5,224,0,668,None,0,81,130,124,41,246,0,32,61
GCAGCTGTCCCGAAGC-1,1403,322,32,10,179,23,837,None,0,98,180,160,34,340,1,44,81
AACTGGTCAGCAATGG-1,5,1,0,0,1,0,3,None,0,2,1,1,1,3,0,1,2
AGACAAAGTTAACCGT-1,13,6,0,1,1,0,5,None,0,3,3,0,4,4,0,3,6
TTGCGGGGTCCTTCAC-1,3,1,0,0,0,0,2,None,0,0,1,0,0,1,0,0,0
GCAGCCAGTTTCGACA-1,3,0,0,1,0,0,2,None,0,0,0,0,0,0,0,0,0
ACTACGATCTATAGGC-1,1207,234,44,66,170,4,689,None,0,88,154,144,35,284,1,29,54
CCTTGCAAGTACCACT-1,5,1,0,0,2,0,2,None,0,0,0,1,0,1,0,0,0
GCATTCCCATCCCAAA-1,3,1,0,0,0,0,2,None,0,0,0,0,0,0,0,0,0
GAAGTGGGTGCACTTA-1,2,1,0,0,0,0,1,None,0,0,0,0,0,0,0,0,0
TACCTATGTCACAGTT-1,2,0,0,0,1,0,1,None,0,0,0,0,0,0,0,0,0
CCCTAACAGCGGACTA-1,2,1,0,0,0,0,1,None,0,0,0,0,0,0,0,0,0
TGGGTGCAGGGTAATT-1,4,2,0,1,0,0,1,None,0,0,0,0,0,0,0,0,0
TCCATCGGTCTCGGGT-1,2,0,0,0,0,0,2,None,0,1,0,0,1,1,0,0,0
AACATCGCAGTCCTGG-1,1,0,0,0,0,0,1,None,0,0,0,0,0,0,0,0,0
TGACAACGTGAATGGC-1,2,0,0,0,1,0,1,None,0,0,0,0,0,0,0,0,0
CCGTACTGTCAGACGA-1,10,4,0,0,1,0,5,None,0,0,2,1,0,2,0,0,0
CAGTGCGAGGGAAGCG-1,5,2,0,0,0,0,3,None,0,1,2,0,1,2,0,3,5
TCTCAGCTCGATTACG-1,5,2,0,0,0,0,3,None,0,1,2,1,0,3,0,0,0
GCTGAGCTCAAGTTGC-1,1,0,0,0,0,0,1,None,0,1,1,0,1,1,0,1,2
CTGCGTTGTAACCCAT-1,5,2,1,0,0,0,2,None,0,0,1,0,0,1,0,0,0
GAGGCTCAGGAGACTC-1,1431,332,36,7,208,0,848,None,0,82,176,159,47,321,0,50,88
