"","n_raw_reads","n_mapped_reads","expected_umis","ci_95_low","ci_95_high","dataset"
"1",0,0,0,0,0,"tenx_nextgem"
"2",9999997.44847719,8236254.93956083,8041663.88048827,8021321.07090628,8062058.2813104,"tenx_nextgem"
"3",19999994.8969544,16472509.8791217,15734349.032837,15702563.5250211,15766198.8816445,"tenx_nextgem"
"4",29999992.3454316,24708764.8186825,23117075.9635181,23078178.3210003,23156039.1669556,"tenx_nextgem"
"5",39999989.7939088,32945019.7582433,30219821.7760796,30176080.0574095,30263626.9005316,"tenx_nextgem"
"6",49999987.242386,41181274.6978041,37066082.2413871,37018780.2142718,37113444.710304,"tenx_nextgem"
"7",59999984.6908632,49417529.637365,43675746.7855046,43625669.4727541,43725881.5813213,"tenx_nextgem"
"8",69999982.1393403,57653784.5769258,50066022.7346484,50013683.412917,50118416.8294821,"tenx_nextgem"
"9",79999979.5878175,65890039.5164866,56251172.7055959,56196924.1312251,56305473.6477407,"tenx_nextgem"
"10",89999977.0362947,74126294.4560474,62243975.3374332,62188067.8959304,62299933.0400571,"tenx_nextgem"
"11",99999974.4847719,82362549.3956082,68055872.7229221,67998487.3952895,68113306.4792176,"tenx_nextgem"
"12",109999971.933249,90598804.3351691,73697138.2391027,73638406.9600679,73755916.3600407,"tenx_nextgem"
"13",119999969.381726,98835059.2747299,79176963.5823836,79116982.7924984,79236989.8453775,"tenx_nextgem"
"14",129999966.830203,107071314.214291,84503665.798494,84442505.977278,84564869.9164026,"tenx_nextgem"
"15",139999964.278681,115307569.153852,89684829.6492994,89622542.25678,89747160.331366,"tenx_nextgem"
"16",149999961.727158,123543824.093412,94727480.5999019,94664103.2224245,94790900.4083731,"tenx_nextgem"
"17",159999959.175635,131780079.032973,99638184.6437676,99573744.8341858,99702666.1559997,"tenx_nextgem"
"18",169999956.624112,140016333.972534,104423068.706025,104357586.846348,104488591.653984,"tenx_nextgem"
"19",179999954.072589,148252588.912095,109087590.529618,109021081.951844,109154139.681112,"tenx_nextgem"
"20",189999951.521067,156488843.851656,113636888.284752,113569364.825435,113704451.890613,"tenx_nextgem"
"21",199999948.969544,164725098.791216,118075872.051879,118007343.175009,118144440.724637,"tenx_nextgem"
"22",209999946.418021,172961353.730777,122408830.115305,122339303.706077,122478396.036949,"tenx_nextgem"
"23",219999943.866498,181197608.670338,126640457.274713,126569940.18482,126711013.65245,"tenx_nextgem"
"24",229999941.314975,189433863.609899,130774633.811251,130703132.216904,130846174.520789,"tenx_nextgem"
"25",239999938.763453,197670118.54946,134814920.4015,134742440.021848,134887439.769651,"tenx_nextgem"
"26",249999936.21193,205906373.489021,138765066.669886,138691612.881889,138838559.360443,"tenx_nextgem"
"27",259999933.660407,214142628.428581,142628508.256575,142554086.134503,142702969.231635,"tenx_nextgem"
"28",269999931.108884,222378883.368142,146408293.823335,146332908.124418,146483718.358381,"tenx_nextgem"
"29",279999928.557361,230615138.307703,150107366.490562,150031021.602612,150183750.227424,"tenx_nextgem"
"30",289999926.005839,238851393.247264,153728659.837026,153651359.700452,153805998.862361,"tenx_nextgem"
"31",299999923.454316,247087648.186825,157274879.771944,157196627.785268,157353170.712212,"tenx_nextgem"
"32",309999920.902793,255323903.126386,160748628.244028,160669427.160021,160827868.36976,"tenx_nextgem"
"33",319999918.35127,263560158.065946,164152564.910115,164072416.728579,164232752.243454,"tenx_nextgem"
"34",329999915.799747,271796413.005507,167488765.215003,167407671.074221,167569898.63869,"tenx_nextgem"
"35",339999913.248225,280032667.945068,170759254.173731,170677214.245745,170841333.536094,"tenx_nextgem"
"36",349999910.696702,288268922.884629,173966435.550993,173883448.940759,174049461.766936,"tenx_nextgem"
"37",359999908.145179,296505177.82419,177112331.042521,177028395.694122,177196306.187602,"tenx_nextgem"
"38",369999905.593656,304741432.76375,180198723.847604,180113836.457678,180283651.244832,"tenx_nextgem"
"39",379999903.042133,312977687.703311,183227433.642445,183141589.581492,183313317.941134,"tenx_nextgem"
"40",389999900.49061,321213942.642872,186200294.74428,186113487.986896,186287141.989935,"tenx_nextgem"
"41",399999897.939088,329450197.582433,189118993.192873,189031216.256707,189206810.888394,"tenx_nextgem"
"42",409999895.387565,337686452.521994,191984644.762713,191895888.656264,192073441.920832,"tenx_nextgem"
"43",419999892.836042,345922707.461555,194799159.182407,194709413.361695,194888946.368927,"tenx_nextgem"
"44",429999890.284519,354158962.401115,197564959.403857,197474211.737401,197655748.772663,"tenx_nextgem"
"45",439999887.732996,362395217.340676,200282672.64226,200190909.385453,200374477.961394,"tenx_nextgem"
"46",449999885.181474,370631472.280237,202953665.436504,202860871.212571,203046502.107106,"tenx_nextgem"
"47",459999882.629951,378867727.219798,205579250.316031,205485408.106227,205673135.382213,"tenx_nextgem"
"48",469999880.078428,387103982.159359,208160688.581909,208065779.721566,208255640.734772,"tenx_nextgem"
"49",479999877.526905,395340237.09892,210699192.907059,210603197.088936,210795232.481389,"tenx_nextgem"
"50",489999874.975382,403576492.03848,213195524.240818,213098419.524924,213292673.205401,"tenx_nextgem"
"51",499999872.42386,411812746.978041,215651156.383947,215552919.211905,215749438.327092,"tenx_nextgem"
"52",509999869.872337,420049001.917602,218067205.021823,217967810.237297,218166645.131037,"tenx_nextgem"
"53",519999867.320814,428285256.857163,220444711.026097,220344131.898791,220545336.064137,"tenx_nextgem"
"54",529999864.769291,436521511.796724,222784907.462261,222683115.715828,222886745.739207,"tenx_nextgem"
"55",539999862.217768,444757766.736285,225088630.835564,224985596.678846,225191712.177691,"tenx_nextgem"
"56",549999859.666246,452994021.675845,227356570.140034,227252262.299649,227460925.857283,"tenx_nextgem"
"57",559999857.114723,461230276.615406,229589672.622671,229484058.378636,229695335.472995,"tenx_nextgem"
"58",569999854.5632,469466531.554967,231788897.685596,231681942.906668,231895901.839649,"tenx_nextgem"
"59",579999852.011677,477702786.494528,233955083.083579,233846752.263779,234063464.088238,"tenx_nextgem"
"60",589999849.460154,485939041.434089,236089063.722586,235979320.017363,236198858.464827,"tenx_nextgem"
"61",599999846.908631,494175296.373649,238191543.854178,238080349.115827,238302790.52571,"tenx_nextgem"
"62",609999844.357109,502411551.31321,240263527.3894,240150842.200315,240376265.453386,"tenx_nextgem"
"63",619999841.805586,510647806.252771,242305774.876489,242191558.581859,242420045.034935,"tenx_nextgem"
"64",629999839.254063,518884061.192332,244318784.664573,244202995.402142,244434628.828678,"tenx_nextgem"
"65",639999836.70254,527120316.131893,246303240.146661,246185834.872937,246420701.410601,"tenx_nextgem"
"66",649999834.151017,535356571.071454,248259802.634034,248140737.148948,248378925.250367,"tenx_nextgem"
"67",659999831.599495,543592826.011014,250189112.263266,250068341.230198,250309941.62296,"tenx_nextgem"
"68",669999829.047972,551829080.950575,252091788.857602,251969265.819816,252214371.473666,"tenx_nextgem"
"69",679999826.496449,560065335.890136,253968419.746037,253844097.1401,254092803.240175,"tenx_nextgem"
"70",689999823.944926,568301590.829697,255819263.26368,255693092.427534,255945496.358372,"tenx_nextgem"
"71",699999821.393403,576537845.769258,257645180.926014,257517112.103789,257773313.43963,"tenx_nextgem"
"72",709999818.841881,584774100.708819,259446565.460995,259316547.803322,259576648.307687,"tenx_nextgem"
"73",719999816.290358,593010355.648379,261224113.664647,261092095.224756,261356198.858258,"tenx_nextgem"
"74",729999813.738835,601246610.58794,262978699.400422,262844627.126418,263112840.062259,"tenx_nextgem"
"75",739999811.187312,609482865.527501,264710337.09966,264574156.821909,264846587.471437,"tenx_nextgem"
"76",749999808.635789,617719120.467062,266419675.185628,266281331.600706,266558090.645462,"tenx_nextgem"
"77",759999806.084267,625955375.406623,268107163.265145,267966599.916698,268247800.346866,"tenx_nextgem"
"78",769999803.532744,634191630.346184,269773237.286684,269630396.541622,269916153.703772,"tenx_nextgem"
"79",779999800.981221,642427885.285744,271418339.122824,271273162.14438,271563593.795481,"tenx_nextgem"
"80",789999798.429698,650664140.225305,273042897.950832,272895324.669596,273190551.035097,"tenx_nextgem"
"81",799999795.878175,658900395.164866,274647351.199938,274497320.280812,274797464.120872,"tenx_nextgem"
"82",809999793.326653,667136650.104427,276232242.01373,276079690.821246,276384877.500231,"tenx_nextgem"
"83",819999790.77513,675372905.043988,277797530.909668,277642395.471152,277952753.031646,"tenx_nextgem"
"84",829999788.223607,683609159.983548,279343810.840912,279186025.807532,279501685.048228,"tenx_nextgem"
"85",839999785.672084,691845414.923109,280871520.533762,280711019.140544,281032113.696435,"tenx_nextgem"
"86",849999783.120561,700081669.86267,282381022.586392,282217736.610442,282544403.036595,"tenx_nextgem"
"87",859999780.569039,708317924.802231,283872669.758425,283706529.477508,284038907.332108,"tenx_nextgem"
"88",869999778.017516,716554179.741792,285346464.024555,285177398.174262,285515630.104607,"tenx_nextgem"
"89",879999775.465993,724790434.681352,286802891.947756,286630827.67949,286975059.506072,"tenx_nextgem"
"90",889999772.91447,733026689.620913,288244062.561382,288068925.39962,288419306.201222,"tenx_nextgem"
"91",899999770.362947,741262944.560474,289669213.222435,289490927.023721,289847609.220681,"tenx_nextgem"
"92",909999767.811424,749499199.500035,291078890.893489,290897377.805894,291260517.24096,"tenx_nextgem"
"93",919999765.259902,757735454.439596,292473192.925468,292288373.349232,292658129.366688,"tenx_nextgem"
"94",929999762.708379,765971709.379157,293850743.370967,293662535.921185,294039071.442345,"tenx_nextgem"
"95",939999760.156856,774207964.318718,295212638.756963,295020960.226927,295404441.822757,"tenx_nextgem"
"96",949999757.605333,782444219.258278,296558517.015753,296363282.344007,296753880.30187,"tenx_nextgem"
"97",959999755.05381,790680474.197839,297890959.041075,297692081.278451,298089969.667039,"tenx_nextgem"
"98",969999752.502288,798916729.1374,299208269.338625,299005659.620364,299411016.347591,"tenx_nextgem"
"99",979999749.950765,807152984.076961,300510821.370356,300304388.889687,300717395.754941,"tenx_nextgem"
"100",989999747.399242,815389239.016522,301799353.992931,301589005.976716,302009848.719692,"tenx_nextgem"
"101",999999744.847719,823625493.956082,303074018.277025,302859659.965813,303288528.306976,"tenx_nextgem"
"102",1009999742.2962,831861748.895643,304335050.462391,304116585.09272,304553672.768974,"tenx_nextgem"
"103",1019999739.74467,840098003.835204,305582450.795861,305359779.586271,305805284.37938,"tenx_nextgem"
"104",1029999737.19315,848334258.774765,306816776.444093,306589798.58348,307043922.3434,"tenx_nextgem"
"105",1039999734.64163,856570513.714326,308039264.559196,307807877.199173,308270825.859246,"tenx_nextgem"
"106",1049999732.09011,864806768.653887,309248425.331432,309012523.58263,309484507.168841,"tenx_nextgem"
"107",1059999729.53858,873043023.593447,310445155.971439,310204632.901719,310685865.535301,"tenx_nextgem"
"108",1069999726.98706,881279278.533008,311629662.729901,311384409.366763,311875109.260102,"tenx_nextgem"
"109",1079999724.43554,889515533.472569,312802909.364754,312552814.700397,313053204.146781,"tenx_nextgem"
"110",1089999721.88401,897751788.41213,313964277.993477,313709228.994265,314219534.350286,"tenx_nextgem"
"111",1099999719.33249,905988043.351691,315113092.529407,314852974.147579,315373425.810182,"tenx_nextgem"
"112",1109999716.78097,914224298.291252,316250462.912939,315985158.100781,316515990.478101,"tenx_nextgem"
"113",1119999714.22945,922460553.230812,317376679.323606,317106069.051936,317647520.527214,"tenx_nextgem"
"114",1129999711.67792,930696808.170373,318491830.625593,318215793.904253,318768106.795361,"tenx_nextgem"
"115",1139999709.1264,938933063.109934,319595924.472837,319314338.374231,319877758.887041,"tenx_nextgem"
"116",1149999706.57488,947169318.049495,320689593.284638,320402332.969388,320977111.146355,"tenx_nextgem"
"117",1159999704.02335,955405572.989056,321772636.821766,321479575.567682,322065965.230922,"tenx_nextgem"
"118",1169999701.47183,963641827.928617,322846267.585231,322547276.817584,323145535.507533,"tenx_nextgem"
"119",1179999698.92031,971878082.868177,323910541.933258,323605491.257812,324215880.168455,"tenx_nextgem"
"120",1189999696.36879,980114337.807738,324965809.833006,324654567.071399,325277350.979624,"tenx_nextgem"
"121",1199999693.81726,988350592.747299,326010192.031021,325692623.258212,326328070.451388,"tenx_nextgem"
"122",1209999691.26574,996586847.68686,327044227.089184,326720196.670889,327368578.870263,"tenx_nextgem"
"123",1219999688.71422,1004823102.62642,328070193.624554,327739564.257029,328401156.536729,"tenx_nextgem"
"124",1229999686.16269,1013059357.56598,329086298.883231,328748931.635947,329424012.342012,"tenx_nextgem"
"125",1239999683.61117,1021295612.50554,330093030.703434,329748785.0614,330437635.725298,"tenx_nextgem"
"126",1249999681.05965,1029531867.4451,331091397.474708,330740131.381367,331443036.633959,"tenx_nextgem"
"127",1259999678.50813,1037768122.38466,332081832.631929,331723402.534675,332440650.016102,"tenx_nextgem"
"128",1269999675.9566,1046004377.32422,333063472.173883,332697733.070248,333429613.339446,"tenx_nextgem"
"129",1279999673.40508,1054240632.26379,334036447.065991,333663252.549289,334410058.992001,"tenx_nextgem"
"130",1289999670.85356,1062476887.20335,335000091.771609,334619294.078493,335381322.813565,"tenx_nextgem"
"131",1299999668.30203,1070713142.14291,335953718.014956,335565168.072601,336342717.85817,"tenx_nextgem"
"132",1309999665.75051,1078949397.08247,336897486.916676,336501034.390059,337294406.528353,"tenx_nextgem"
"133",1319999663.19899,1087185652.02203,337832965.504311,337428458.842721,338237957.085401,"tenx_nextgem"
"134",1329999660.64747,1095421906.96159,338760415.132716,338347701.618643,339173632.071059,"tenx_nextgem"
"135",1339999658.09594,1103658161.90115,339681201.341687,339260127.137894,340102798.163586,"tenx_nextgem"
"136",1349999655.54442,1111894416.84071,340594104.914463,340164515.113565,341024237.239313,"tenx_nextgem"
"137",1359999652.9929,1120130671.78027,341499353.568647,341061092.240036,341938178.060272,"tenx_nextgem"
"138",1369999650.44138,1128366926.71983,342397628.480556,341950538.717003,342845302.800161,"tenx_nextgem"
"139",1379999647.88985,1136603181.65939,343288370.961093,342832294.927088,343745053.721337,"tenx_nextgem"
"140",1389999645.33833,1144839436.59895,344170438.015044,343705216.994184,344636288.734225,"tenx_nextgem"
"141",1399999642.78681,1153075691.53852,345045045.877461,344570520.316475,345520224.931693,"tenx_nextgem"
"142",1409999640.23528,1161311946.47808,345912381.667361,345428391.222793,346397050.24597,"tenx_nextgem"
"143",1419999637.68376,1169548201.41764,346772543.983674,346278927.567275,347266864.044294,"tenx_nextgem"
"144",1429999635.13224,1177784456.3572,347625629.558923,347122225.38216,348129763.783337,"tenx_nextgem"
"145",1439999632.58072,1186020711.29676,348471733.30437,347958378.92261,348985845.054647,"tenx_nextgem"
"146",1449999630.02919,1194256966.23632,349310948.353838,348787480.709638,349835201.629374,"tenx_nextgem"
"147",1459999627.47767,1202493221.17588,350143366.10625,349609621.571899,350677925.501551,"tenx_nextgem"
"148",1469999624.92615,1210729476.11544,350969076.266952,350424890.686699,351514106.929713,"tenx_nextgem"
"149",1479999622.37462,1218965731.055,351789144.782117,351234353.51211,352344812.371168,"tenx_nextgem"
"150",1489999619.8231,1227201985.99456,352603427.54896,352037865.499036,353169898.195555,"tenx_nextgem"
"151",1499999617.27158,1235438240.93412,353411318.22992,352834819.903948,353988758.49898,"tenx_nextgem"
"152",1509999614.72006,1243674495.87368,354214018.594433,353626418.126995,354802595.443418,"tenx_nextgem"
"153",1519999612.16853,1251910750.81325,355011636.937431,354412768.13339,355611517.679744,"tenx_nextgem"
"154",1529999609.61701,1260147005.75281,355803146.325439,355192842.698748,356414498.59521,"tenx_nextgem"
"155",1539999607.06549,1268383260.69237,356585179.455599,355963274.269828,357208171.174975,"tenx_nextgem"
"156",1549999604.51396,1276619515.63193,357359651.1744,356725977.470831,357994450.510493,"tenx_nextgem"
"157",1559999601.96244,1284855770.57149,358127626.026205,357482016.659784,358774401.357443,"tenx_nextgem"
"158",1569999599.41092,1293092025.51105,358891371.093326,358233658.764872,359550290.973044,"tenx_nextgem"
"159",1579999596.8594,1301328280.45061,359649765.065958,358979782.360564,360320998.195047,"tenx_nextgem"
"160",1589999594.30787,1309564535.39017,360402432.996483,359720012.415365,361086148.189615,"tenx_nextgem"
"161",1599999591.75635,1317800790.32973,361148673.422712,360453647.415576,361845039.577614,"tenx_nextgem"
"162",1609999589.20483,1326037045.26929,361887811.866813,361180012.863031,362596997.933587,"tenx_nextgem"
"163",1619999586.65331,1334273300.20885,362621359.301672,361900619.736641,363343534.248386,"tenx_nextgem"
"164",1629999584.10178,1342509555.14841,363349382.539265,362615534.886173,364084715.32558,"tenx_nextgem"
"165",1639999581.55026,1350745810.08798,364071947.256543,363324824.055565,364820606.804725,"tenx_nextgem"
"166",1649999578.99874,1358982065.02754,364789118.020407,364028551.906342,365551273.187888,"tenx_nextgem"
"167",1659999576.44721,1367218319.9671,365500958.312011,364726782.041776,366276777.864086,"tenx_nextgem"
"168",1669999573.89569,1375454574.90666,366207530.55043,365419577.029789,366997183.133709,"tenx_nextgem"
"169",1679999571.34417,1383690829.84622,366908896.115697,366106998.424973,367712550.232573,"tenx_nextgem"
"170",1689999568.79265,1391927084.78578,367605198.263949,366789189.683031,368423022.247346,"tenx_nextgem"
"171",1699999566.24112,1400163339.72534,368299874.048724,367469588.073167,369132036.029326,"tenx_nextgem"
"172",1709999563.6896,1408399594.6649,368989610.919268,368144881.300874,369836278.818388,"tenx_nextgem"
"173",1719999561.13808,1416635849.60446,369675210.384953,368815871.144792,370536551.881491,"tenx_nextgem"
"174",1729999558.58655,1424872104.54402,370358941.948197,369484827.394824,371235124.45185,"tenx_nextgem"
"175",1739999556.03503,1433108359.48358,371037968.773245,370148913.53852,371929159.41667,"tenx_nextgem"
"176",1749999553.48351,1441344614.42314,371712345.822316,370808184.875134,372618711.432319,"tenx_nextgem"
"177",1759999550.93199,1449580869.3627,372382127.16227,371462695.829152,373303834.239321,"tenx_nextgem"
"178",1769999548.38046,1457817124.30227,373047365.983094,372112499.968352,373984580.681272,"tenx_nextgem"
"179",1779999545.82894,1466053379.24183,373707876.619414,372757412.025274,374660764.727924,"tenx_nextgem"
"180",1789999543.27742,1474289634.18139,374361729.333498,373395502.68521,375330456.263469,"tenx_nextgem"
"181",1799999540.72589,1482525889.12095,375011150.943307,374028999.193698,375995881.696313,"tenx_nextgem"
"182",1809999538.17437,1490762144.06051,375656191.407484,374657951.961858,376657090.564417,"tenx_nextgem"
"183",1819999535.62285,1498998399.00007,376296899.897486,375282410.630776,377314131.601472,"tenx_nextgem"
"184",1829999533.07133,1507234653.93963,376933324.813391,375902424.086905,377967052.75311,"tenx_nextgem"
"185",1839999530.5198,1515470908.87919,377565179.648545,376517706.327539,378615567.043284,"tenx_nextgem"
"186",1849999527.96828,1523707163.81875,378190923.01873,377126716.493333,379258132.607763,"tenx_nextgem"
"187",1859999525.41676,1531943418.75831,378812497.058133,377731397.244948,379896691.072158,"tenx_nextgem"
"188",1869999522.86523,1540179673.69787,379429171.076066,378331018.443433,380530511.232708,"tenx_nextgem"
"189",1879999520.31371,1548415928.63744,380040553.385699,378925188.96677,381159200.874276,"tenx_nextgem"
"190",1889999517.76219,1556652183.577,380647858.185261,379515123.585005,381783973.645974,"tenx_nextgem"
"191",1899999515.21067,1564888438.51656,381251129.00451,380100866.417821,382404872.519908,"tenx_nextgem"
"192",1909999512.65914,1573124693.45612,381850408.72262,380682460.947354,383021939.804567,"tenx_nextgem"
"193",1919999510.10762,1581360948.39568,382445739.580728,381259950.030057,383635217.158054,"tenx_nextgem"
"194",1929999507.5561,1589597203.33524,383037163.194193,381833375.908886,384244745.600407,"tenx_nextgem"
"195",1939999505.00458,1597833458.2748,383624720.564558,382402780.22447,384850565.526349,"tenx_nextgem"
"196",1949999502.45305,1606069713.21436,384208494.233963,382968246.169183,385452758.859586,"tenx_nextgem"
"197",1959999499.90153,1614305968.15392,384791704.326934,383532994.511794,386054545.078452,"tenx_nextgem"
"198",1969999497.35001,1622542223.09348,385371208.020879,384093883.117683,386652780.736863,"tenx_nextgem"
"199",1979999494.79848,1630778478.03304,385947043.804689,384650951.15768,387247503.673837,"tenx_nextgem"
"200",1989999492.24696,1639014732.9726,386519249.607416,385204237.252404,387838751.158875,"tenx_nextgem"
"201",1999999489.69544,1647250987.91216,387087862.808744,385753779.482649,388426559.90252,"tenx_nextgem"
"202",0,0,0,0,0,"leukopak"
"203",9999999.42145024,7304328.71195581,6427938.67831974,6158883.11355875,6708748.14319446,"leukopak"
"204",19999998.8429005,14608657.4239116,11984198.4840912,11674342.6299534,12302278.4115997,"leukopak"
"205",29999998.2643507,21912986.1358674,16935987.1153446,16639879.6659147,17237363.810909,"leukopak"
"206",39999997.685801,29217314.8478232,21438411.3400372,21171262.661086,21708931.0232505,"leukopak"
"207",49999997.1072512,36521643.559779,25578294.3815023,25342907.6827094,25815867.3684143,"leukopak"
"208",59999996.5287015,43825972.2717349,29425689.8505614,29220503.3304675,29632317.1914226,"leukopak"
"209",69999995.9501517,51130300.9836907,33027777.6796001,32849750.0522755,33206770.1190173,"leukopak"
"210",79999995.3716019,58434629.6956465,36415019.8948227,36260762.6987337,36569933.317664,"leukopak"
"211",89999994.7930522,65738958.4076023,39616159.4147871,39482385.5394519,39750386.5416035,"leukopak"
"212",99999994.2145024,73043287.1195581,42652306.1175787,42535991.1059873,42768939.1935097,"leukopak"
"213",109999993.635953,80347615.8315139,45540023.0182605,45438443.7692322,45641829.3512946,"leukopak"
"214",119999993.057403,87651944.5434697,48294393.3978889,48205117.837277,48383834.2962509,"leukopak"
"215",129999992.478853,94956273.2554255,50927722.6232613,50848584.2878675,51006984.1258233,"leukopak"
"216",139999991.900303,102260601.967381,53450371.7255177,53379444.8860469,53521392.8075676,"leukopak"
"217",149999991.321754,109564930.679337,55871341.7651711,55806923.5512426,55935834.3373695,"leukopak"
"218",159999990.743204,116869259.391293,58198751.4468697,58139351.9853304,58258211.5952916,"leukopak"
"219",169999990.164654,124173588.103249,60439632.5653381,60383970.358636,60495346.0817046,"leukopak"
"220",179999989.586104,131477916.815205,62600159.5137661,62547157.1174548,62653206.8242533,"leukopak"
"221",189999989.007555,138782245.52716,64685870.2959972,64634645.4840845,64737135.7050437,"leukopak"
"222",199999988.429005,146086574.239116,66701846.1398332,66651696.0741932,66752033.9393829,"leukopak"
"223",209999987.850455,153390902.951072,68652458.3453359,68602837.3780262,68702115.2038783,"leukopak"
"224",219999987.271905,160695231.663028,70541829.8679918,70492323.7814016,70591370.7222343,"leukopak"
"225",229999986.693356,167999560.374984,72373581.7978855,72323881.7878247,72423315.9611325,"leukopak"
"226",239999986.114806,175303889.086939,74151031.2856918,74100910.2300859,74201186.2426385,"leukopak"
"227",249999985.536256,182608217.798895,75877246.3868781,75826538.7561161,75927987.927454,"leukopak"
"228",259999984.957706,189912546.510851,77555028.3719418,77503614.1238427,77606476.7271588,"leukopak"
"229",269999984.379157,197216875.222807,79186961.7087308,79134753.8791316,79239203.981572,"leukopak"
"230",279999983.800607,204521203.934763,80775460.4401307,80722395.8534441,80828559.9099539,"leukopak"
"231",289999983.222057,211825532.646718,82322925.6893695,82268958.1497088,82376928.6311478,"leukopak"
"232",299999982.643507,219129861.358674,83830997.3215253,83776092.6995215,83885937.9265574,"leukopak"
"233",309999982.064957,226434190.07063,85301717.2008163,85245849.9277516,85357621.0874194,"leukopak"
"234",319999981.486408,233738518.782586,86737170.7874959,86680321.3751779,86794057.484582,"leukopak"
"235",329999980.907858,241042847.494542,88138128.6947098,88080281.9905385,88196013.3896904,"leukopak"
"236",339999980.329308,248347176.206498,89506853.855959,89447997.8189009,89565748.6197989,"leukopak"
"237",349999979.750759,255651504.918453,90844554.0872158,90784678.9299088,90904468.7339443,"leukopak"
"238",359999979.172209,262955833.630409,92152768.6877362,92091866.2734641,92213711.3781393,"leukopak"
"239",369999978.593659,270260162.342365,93432152.2072154,93370215.6235864,93494129.876113,"leukopak"
"240",379999978.015109,277564491.054321,94684227.9231344,94621251.1765688,94747246.5849206,"leukopak"
"241",389999977.436559,284868819.766277,95910162.472059,95846140.2663469,95974227.4425901,"leukopak"
"242",399999976.85801,292173148.478232,97110841.4746382,97045769.0461751,97175957.5363373,"leukopak"
"243",409999976.27946,299477477.190188,98287297.4985535,98221170.4906914,98353469.0261576,"leukopak"
"244",419999975.70091,306781805.902144,99440444.6468206,99373259.0109822,99507675.7064451,"leukopak"
"245",429999975.12236,314086134.6141,100571385.661677,100503137.577118,100639680.091068,"leukopak"
"246",439999974.543811,321390463.326056,101680485.840445,101611171.647074,101749847.316584,"leukopak"
"247",449999973.965261,328694792.038011,102768690.290109,102698306.429928,102839122.387578,"leukopak"
"248",459999973.386711,335999120.749967,103836793.83647,103765336.802009,103908300.079154,"leukopak"
"249",469999972.808161,343303449.461923,104885469.354405,104812935.641482,104958053.262846,"leukopak"
"250",479999972.229612,350607778.173879,105915529.037179,105841915.101183,105989194.172283,"leukopak"
"251",489999971.651062,357912106.885835,106927288.782284,106852590.996888,107002038.786902,"leukopak"
"252",499999971.072512,365216435.59779,107921295.480188,107845510.097647,107997134.118763,"leukopak"
"253",509999970.493962,372520764.309746,108898266.701999,108821389.81453,108975197.899157,"leukopak"
"254",519999969.915413,379825093.021702,109858801.041464,109780828.543242,109936828.920124,"leukopak"
"255",529999969.336863,387129421.733658,110803414.542787,110724342.091983,110882543.462225,"leukopak"
"256",539999968.758313,394433750.445614,111732557.727692,111652380.708561,111812792.321542,"leukopak"
"257",549999968.179763,401738079.15757,112646695.418547,112565408.902938,112728040.633341,"leukopak"
"258",559999967.601214,409042407.869525,113546336.63411,113463935.342108,113628797.768677,"leukopak"
"259",569999967.022664,416346736.581481,114431899.861422,114348378.121347,114515482.607007,"leukopak"
"260",579999966.444114,423651065.293437,115303744.014182,115219095.721172,115388454.495959,"leukopak"
"261",589999965.865564,430955394.005393,116162247.775112,116076466.348705,116248092.59467,"leukopak"
"262",599999965.287015,438259722.717349,117007782.610569,116920860.951057,117094768.889644,"leukopak"
"263",609999964.708465,445564051.429304,117840704.371713,117752634.814924,117928839.797491,"leukopak"
"264",619999964.129915,452868380.14126,118661403.487555,118572177.758585,118750696.35901,"leukopak"
"265",629999963.551365,460172708.853216,119470070.571514,119379679.737124,119560529.847224,"leukopak"
"266",639999962.972816,467477037.565172,120266927.96989,120175362.389722,120358563.316899,"leukopak"
"267",649999962.394266,474781366.277128,121052560.399037,120959809.675504,121145382.24286,"leukopak"
"268",659999961.815716,482085694.989083,121827223.109057,121733276.036968,121921242.684349,"leukopak"
"269",669999961.237166,489390023.701039,122590909.423872,122495753.938677,122686138.826456,"leukopak"
"270",679999960.658616,496694352.412995,123344533.395308,123248156.52107,123440985.633772,"leukopak"
"271",689999960.080067,503998681.124951,124087688.040478,123990075.837718,124185377.089244,"leukopak"
"272",699999959.501517,511303009.836907,124820708.305858,124721845.819,124919649.157426,"leukopak"
"273",709999958.922967,518607338.548863,125543970.65359,125443841.858712,125644179.370889,"leukopak"
"274",719999958.344418,525911667.260818,126257704.888599,126156292.641597,126359198.657052,"leukopak"
"275",729999957.765868,533215995.972774,126962330.698145,126859616.683689,127065127.876725,"leukopak"
"276",739999957.187318,540520324.68473,127657963.935728,127553928.617448,127762084.107118,"leukopak"
"277",749999956.608768,547824653.396686,128344704.178908,128239326.75052,128450168.198538,"leukopak"
"278",759999956.030218,555128982.108642,129022806.683952,128916065.02221,129129636.727094,"leukopak"
"279",769999955.451669,562433310.820597,129692408.071187,129584278.690754,129800627.678328,"leukopak"
"280",779999954.873119,569737639.532553,130353713.014029,130244171.024487,130463347.133969,"leukopak"
"281",789999954.294569,577041968.244509,131006835.005809,130895854.07123,131117910.036324,"leukopak"
"282",799999953.716019,584346296.956465,131651877.24147,131539429.542704,131764421.067192,"leukopak"
"283",809999953.13747,591650625.668421,132289136.756692,132175192.956512,132403178.784,"leukopak"
"284",819999952.55892,598954954.380376,132918915.631004,132803444.842884,133034486.819403,"leukopak"
"285",829999951.98037,606259283.092332,133541280.883598,133424250.643619,133658413.774159,"leukopak"
"286",839999951.40182,613563611.804288,134156162.434487,134037538.677266,134274891.174206,"leukopak"
"287",849999950.823271,620867940.516244,134763786.010549,134643533.048776,134884146.372764,"leukopak"
"288",859999950.244721,628172269.2282,135364482.217328,135242562.725385,135486511.61818,"leukopak"
"289",869999949.666171,635476597.940155,135958153.299947,135834528.301824,136081890.810996,"leukopak"
"290",879999949.087621,642780926.652111,136545071.281048,136419700.142481,136670557.637009,"leukopak"
"291",889999948.509072,650085255.364067,137125351.669987,136998192.094648,137252629.272852,"leukopak"
"292",899999947.930522,657389584.076023,137699567.189282,137570575.219684,137828680.107187,"leukopak"
"293",909999947.351972,664693912.787979,138267165.43037,138136295.453279,138398159.393348,"leukopak"
"294",919999946.773422,671998241.499934,138828506.404116,138695711.159707,138961428.794323,"leukopak"
"295",929999946.194873,679302570.21189,139384552.238451,139249782.833928,139519452.076158,"leukopak"
"296",939999945.616323,686606898.923846,139933843.194558,139797049.123237,140070771.12148,"leukopak"
"297",949999945.037773,693911227.635802,140477224.022974,140338353.185162,140616232.279454,"leukopak"
"298",959999944.459223,701215556.347758,141014801.101416,140873799.830896,141155943.500792,"leukopak"
"299",969999943.880674,708519885.059713,141546677.88473,141403490.978519,141690009.783757,"leukopak"
"300",979999943.302124,715824213.771669,142072955.014138,141927525.765856,142218533.279788,"leukopak"
"301",989999942.723574,723128542.483625,142593730.421418,142446000.657892,142741613.394462,"leukopak"
"302",999999942.145024,730432871.195581,143109099.42831,142959009.549465,143259346.883595,"leukopak"
"303",1009999941.56647,737737199.907537,143619154.841391,143466643.862906,143771827.945356,"leukopak"
"304",1019999940.98792,745041528.619493,144123987.042667,143968992.641264,144279148.308226,"leukopak"
"305",1029999940.40938,752345857.331448,144623917.579375,144466376.140225,144781630.818397,"leukopak"
"306",1039999939.83083,759650186.043404,145119345.502707,144959192.169019,145279675.77647,"leukopak"
"307",1049999939.25228,766954514.75536,145610237.73865,145447406.46345,145773251.306714,"leukopak"
"308",1059999938.67373,774258843.467316,146095488.802254,145929912.401793,146261253.070603,"leukopak"
"309",1069999938.09518,781563172.179272,146575773.863497,146407384.070462,146744357.329295,"leukopak"
"310",1079999937.51663,788867500.891227,147052055.0819,146880782.600002,147223527.278578,"leukopak"
"311",1089999936.93808,796171829.603183,147523719.53112,147349494.092035,147698150.973651,"leukopak"
"312",1099999936.35953,803476158.315139,147990841.786729,147813592.20562,148168303.915368,"leukopak"
"313",1109999935.78098,810780487.027095,148453494.641235,148273148.873037,148634059.765374,"leukopak"
"314",1119999935.20243,818084815.739051,148912235.809586,148728721.004996,149095977.051164,"leukopak"
"315",1129999934.62388,825389144.451007,149366468.299022,149179710.861169,149553459.537707,"leukopak"
"316",1139999934.04533,832693473.162962,149816633.076372,149626558.715511,150006948.893448,"leukopak"
"317",1149999933.46678,839997801.874918,150263094.163285,150069627.9517,150456809.78693,"leukopak"
"318",1159999932.88823,847302130.586874,150704283.397737,150507349.825351,150901474.650774,"leukopak"
"319",1169999932.30968,854606459.29883,151141030.218866,150940553.244238,151341773.464,"leukopak"
"320",1179999931.73113,861910788.010786,151573905.879835,151369808.982217,151778277.968021,"leukopak"
"321",1189999931.15258,869215116.722741,152002823.546417,151795029.777076,152210901.766776,"leukopak"
"322",1199999930.57403,876519445.434697,152427850.128294,152216282.159651,152639712.158812,"leukopak"
"323",1209999929.99548,883823774.146653,152848274.706207,152632854.880624,153063998.566602,"leukopak"
"324",1219999929.41693,891128102.858609,153265548.336427,153046198.710566,153485212.339638,"leukopak"
"325",1229999928.83838,898432431.570565,153679091.567684,153455733.959385,153902774.27704,"leukopak"
"326",1239999928.25983,905736760.28252,154088958.205492,153861514.236619,154316738.390729,"leukopak"
"327",1249999927.68128,913041088.994476,154495200.907413,154263592.04559,154727157.503034,"leukopak"
"328",1259999927.10273,920345417.706432,154897871.216374,154662018.81517,155134083.281545,"leukopak"
"329",1269999926.52418,927649746.418388,155296874.000206,155056699.337859,155537420.680457,"leukopak"
"330",1279999925.94563,934954075.130344,155692957.245223,155448381.560638,155937917.734493,"leukopak"
"331",1289999925.36708,942258403.842299,156085421.959959,155836366.489607,156334875.467231,"leukopak"
"332",1299999924.78853,949562732.554255,156473721.917324,156220107.92902,156727747.632746,"leukopak"
"333",1309999924.20998,956867061.266211,156859463.610843,156601212.433092,157118140.670807,"leukopak"
"334",1319999923.63143,964171389.978167,157241312.620227,156978345.676583,157504720.080767,"leukopak"
"335",1329999923.05288,971475718.690123,157620090.817206,157352329.652621,157888307.621956,"leukopak"
"336",1339999922.47433,978780047.402078,157997203.75133,157724570.058741,158270308.702964,"leukopak"
"337",1349999921.89578,986084376.114034,158370182.678009,158092598.330274,158648254.41776,"leukopak"
"338",1359999921.31723,993388704.82599,158739449.088043,158456836.158689,159022566.066765,"leukopak"
"339",1369999920.73868,1000693033.53795,159105657.482112,158817938.268373,159393897.936379,"leukopak"
"340",1379999920.16013,1007997362.2499,159468848.374782,159175945.420728,159762290.305628,"leukopak"
"341",1389999919.58158,1015301690.96186,159829256.27783,159531092.394946,160127977.429518,"leukopak"
"342",1399999919.00303,1022606019.67381,160186818.822838,159883317.110425,160490896.663463,"leukopak"
"343",1409999918.42448,1029910348.38577,160541468.991395,160232552.855103,160850980.694427,"leukopak"
"344",1419999917.84593,1037214677.09773,160893414.036862,160579007.205755,161208436.463103,"leukopak"
"345",1429999917.26738,1044519005.80968,161242970.213984,160922996.756767,161563579.894832,"leukopak"
"346",1439999916.68884,1051823334.52164,161589320.035315,161263704.378089,161915593.159494,"leukopak"
"347",1449999916.11029,1059127663.23359,161932670.044921,161601336.983703,162264682.442086,"leukopak"
"348",1459999915.53174,1066431991.94555,162273698.469348,161936573.182723,162611525.59532,"leukopak"
"349",1469999914.95319,1073736320.6575,162612451.230016,162269459.292967,162956168.155423,"leukopak"
"350",1479999914.37464,1081040649.36946,162949743.288677,162600810.682908,163299424.685076,"leukopak"
"351",1489999913.79609,1088344978.08142,163284437.898943,162929491.028308,163640158.032172,"leukopak"
"352",1499999913.21754,1095649306.79337,163616567.301438,163255532.999819,163978400.018673,"leukopak"
"353",1509999912.63899,1102953635.50533,163945686.509552,163578492.051754,164313705.230786,"leukopak"
"354",1519999912.06044,1110257964.21728,164271965.336074,163898538.445421,164646243.043605,"leukopak"
"355",1529999911.48189,1117562292.92924,164596422.051517,164216690.905852,164977031.27932,"leukopak"
"356",1539999910.90334,1124866621.64119,164918446.834353,164532340.078063,165305459.664351,"leukopak"
"357",1549999910.32479,1132170950.35315,165238069.1119,164845515.861457,165631557.16517,"leukopak"
"358",1559999909.74624,1139475279.06511,165555131.870586,165156061.72186,165955166.301107,"leukopak"
"359",1569999909.16769,1146779607.77706,165870983.332081,165465326.361914,166277634.816211,"leukopak"
"360",1579999908.58914,1154083936.48902,166184060.844811,165771747.625304,166597399.584006,"leukopak"
"361",1589999908.01059,1161388265.20097,166494846.050861,166075807.648662,166914941.760473,"leukopak"
"362",1599999907.43204,1168692593.91293,166803365.927633,166377533.910005,167230287.833439,"leukopak"
"363",1609999906.85349,1175996922.62489,167109290.095054,166676596.535472,167543106.930011,"leukopak"
"364",1619999906.27494,1183301251.33684,167412195.141433,166972572.624048,167852975.142078,"leukopak"
"365",1629999905.69639,1190605580.0488,167712900.790548,167266282.409579,168160711.689073,"leukopak"
"366",1639999905.11784,1197909908.76075,168010507.859647,167556827.228611,168465416.886554,"leukopak"
"367",1649999904.53929,1205214237.47271,168305924.507197,167845115.755453,168767998.381878,"leukopak"
"368",1659999903.96074,1212518566.18466,168599204.935939,168131202.714342,169068509.866825,"leukopak"
"369",1669999903.38219,1219822894.89662,168890373.41445,168415112.897697,169366975.09682,"leukopak"
"370",1679999902.80364,1227127223.60858,169179453.821593,168696870.710377,169663417.435353,"leukopak"
"371",1689999902.22509,1234431552.32053,169466469.654849,168976500.177651,169957859.862671,"leukopak"
"372",1699999901.64654,1241735881.03249,169751227.219158,169253808.134738,170250108.165786,"leukopak"
"373",1709999901.06799,1249040209.74444,170034570.311497,169529638.905761,170541005.617826,"leukopak"
"374",1719999900.48944,1256344538.4564,170315499.919264,169802994.014334,170829552.68916,"leukopak"
"375",1729999899.91089,1263648867.16835,170594448.470632,170074306.419557,171116181.283762,"leukopak"
"376",1739999899.33234,1270953195.88031,170871437.600121,170343598.289317,171400912.512971,"leukopak"
"377",1749999898.75379,1278257524.59227,171146488.608638,170610891.458428,171683767.153891,"leukopak"
"378",1759999898.17524,1285561853.30422,171419669.763724,170876254.728442,171964812.949598,"leukopak"
"379",1769999897.59669,1292866182.01618,171690971.726791,171139679.295287,172244040.037193,"leukopak"
"380",1779999897.01814,1300170510.72813,171960404.699709,171401175.895224,172521458.094102,"leukopak"
"381",1789999896.43959,1307474839.44009,172227988.77814,171660765.158183,172797086.691474,"leukopak"
"382",1799999895.86104,1314779168.15205,172493743.754601,171918467.410589,173070945.097578,"leukopak"
"383",1809999895.28249,1322083496.864,172757689.124507,172174302.681312,173343052.283952,"leukopak"
"384",1819999894.70394,1329387825.57596,173019844.092078,172428290.707527,173613426.931339,"leukopak"
"385",1829999894.12539,1336692154.28791,173280227.576086,172680450.940173,173882087.435728,"leukopak"
"386",1839999893.54684,1343996482.99987,173538858.215463,172930802.549613,174149051.913908,"leukopak"
"387",1849999892.9683,1351300811.71182,173795754.374765,173179364.43088,174414338.209153,"leukopak"
"388",1859999892.38975,1358605140.42378,174050934.149509,173426155.208934,174677963.896625,"leukopak"
"389",1869999891.8112,1365909469.13574,174304415.371367,173671193.243734,174939946.288705,"leukopak"
"390",1879999891.23265,1373213797.84769,174556215.613248,173914496.635281,175200302.440098,"leukopak"
"391",1889999890.6541,1380518126.55965,174806352.194238,174156083.228437,175459049.152906,"leukopak"
"392",1899999890.07555,1387822455.2716,175054874.884571,174396003.317524,175716235.681494,"leukopak"
"393",1909999889.497,1395126783.98356,175302749.254035,174635222.988305,175972827.074416,"leukopak"
"394",1919999888.91845,1402431112.69552,175548983.991225,174872751.457631,176227831.514494,"leukopak"
"395",1929999888.3399,1409735441.40747,175793182.2273,175108192.379458,176480851.624769,"leukopak"
"396",1939999887.76135,1417039770.11943,176035805.495062,175342007.801284,176732348.425114,"leukopak"
"397",1949999887.1828,1424344098.83138,176276746.787717,175574091.233407,176982214.401736,"leukopak"
"398",1959999886.60425,1431648427.54334,176516031.152642,175804468.237483,177230474.09575,"leukopak"
"399",1969999886.0257,1438952756.25529,176753775.894021,176033256.629274,177477244.306109,"leukopak"
"400",1979999885.44715,1446257084.96725,176989996.085339,176260471.992695,177722539.603697,"leukopak"
"401",1989999884.8686,1453561413.67921,177224706.592654,176486129.70216,177966374.353937,"leukopak"
"402",1999999884.29005,1460865742.39116,177457922.078393,176710244.92644,178208762.72052,"leukopak"
"403",0,0,0,0,0,"high_neutrophil"
"404",9999999.89314335,6680173.24709929,6604913.22978901,6567712.09469455,6642325.08125355,"high_neutrophil"
"405",19999999.7862867,13360346.4941986,13082988.1848656,13020167.0562176,13146112.4197785,"high_neutrophil"
"406",29999999.6794301,20040519.7412979,19447695.6188174,19366501.7846336,19529229.8572096,"high_neutrophil"
"407",39999999.5725734,26720692.9883972,25709183.7103175,25614388.0807486,25804330.166592,"high_neutrophil"
"408",49999999.4657168,33400866.2354965,31875426.5552095,31770296.6857425,31980904.3058929,"high_neutrophil"
"409",59999999.3588601,40081039.4825957,37952366.3970004,37839213.1017094,38065858.0626534,"high_neutrophil"
"410",69999999.2520035,46761212.729695,43945377.5812148,43825879.2105458,44065201.7835808,"high_neutrophil"
"411",79999999.1451468,53441385.9767943,49858468.5874757,49733872.049375,49983377.2729454,"high_neutrophil"
"412",89999999.0382902,60121559.2238936,55695671.1748711,55566921.1367251,55824719.530289,"high_neutrophil"
"413",99999998.9314335,66801732.4709929,61460385.1141959,61328209.617024,61592845.4780248,"high_neutrophil"
"414",109999998.824577,73481905.7180922,67155182.9512374,67020151.635973,67290486.3258102,"high_neutrophil"
"415",119999998.71772,80162078.9651915,72782933.263789,72645497.8732675,72920628.6633562,"high_neutrophil"
"416",129999998.610864,86842252.2122908,78345780.5693231,78206303.689977,78485506.1984368,"high_neutrophil"
"417",139999998.504007,93522425.4593901,83846017.5785726,83704793.3970669,83987480.0292219,"high_neutrophil"
"418",149999998.39715,100202598.706489,89285269.8496132,89142539.3847356,89428228.8471953,"high_neutrophil"
"419",159999998.290294,106882771.953589,94665428.3411936,94521390.7812537,94809685.3945042,"high_neutrophil"
"420",169999998.183437,113562945.200688,99988211.7929099,99843033.0475436,100133601.638315,"high_neutrophil"
"421",179999998.07658,120243118.447787,105255256.925413,105109076.153876,105401640.998309,"high_neutrophil"
"422",189999997.969724,126923291.694887,110467965.707456,110320900.358352,110615227.104788,"high_neutrophil"
"423",199999997.862867,133603464.941986,115627588.589435,115479738.331992,115775628.141545,"high_neutrophil"
"424",209999997.75601,140283638.189085,120735475.086779,120586924.906725,120884208.264749,"high_neutrophil"
"425",219999997.649154,146963811.436184,125792835.18407,125643657.844642,125942189.642495,"high_neutrophil"
"426",229999997.542297,153643984.683284,130800815.678524,130651073.693156,130950729.286378,"high_neutrophil"
"427",239999997.43544,160324157.930383,135760506.139456,135610253.365953,135910925.38928,"high_neutrophil"
"428",249999997.328584,167004331.177482,140672944.069225,140522227.007824,140823822.782153,"high_neutrophil"
"429",259999997.221727,173684504.424582,145539119.399678,145387978.257897,145690417.663423,"high_neutrophil"
"430",269999997.114871,180364677.671681,150360027.593578,150208497.16541,150511710.88574,"high_neutrophil"
"431",279999997.008014,187044850.91878,155136524.533874,154984634.931008,155288562.993119,"high_neutrophil"
"432",289999996.901157,193725024.165879,159869434.158295,159717211.421423,160021801.975096,"high_neutrophil"
"433",299999996.794301,200405197.412979,164559635.081443,164407101.69485,164712309.985243,"high_neutrophil"
"434",309999996.687444,207085370.660078,169207929.878014,169055105.205313,169360892.703186,"high_neutrophil"
"435",319999996.580587,213765543.907177,173815004.510738,173661905.165368,173968238.827618,"high_neutrophil"
"436",329999996.473731,220445717.154277,178381667.499416,178228307.661707,178535159.29843,"high_neutrophil"
"437",339999996.366874,227125890.401376,182908730.140747,182755121.830404,183062467.561086,"high_neutrophil"
"438",349999996.260017,233806063.648475,187396819.011748,187242972.323585,187550792.106809,"high_neutrophil"
"439",359999996.153161,240486236.895574,191846601.235445,191692524.543315,192000801.769792,"high_neutrophil"
"440",369999996.046304,247166410.142674,196258669.402775,196104369.538085,196413090.674491,"high_neutrophil"
"441",379999995.939447,253846583.389773,200633712.92151,200479195.328846,200788349.607262,"high_neutrophil"
"442",389999995.832591,260526756.636872,204972471.422606,204817740.296366,205127319.441658,"high_neutrophil"
"443",399999995.725734,267206929.883972,209275543.912668,209120602.318201,209430600.306429,"high_neutrophil"
"444",409999995.618877,273887103.131071,213543356.477335,213388206.457557,213698619.303388,"high_neutrophil"
"445",419999995.512021,280567276.37817,217776250.923212,217620893.593397,217931719.161036,"high_neutrophil"
"446",429999995.405164,287247449.62527,221975001.19308,221819436.824968,222130674.660164,"high_neutrophil"
"447",439999995.298307,293927622.872369,226140342.685464,225984570.782989,226296221.962019,"high_neutrophil"
"448",449999995.191451,300607796.119468,230272618.266304,230116637.632412,230428704.629004,"high_neutrophil"
"449",459999995.084594,307287969.366567,234372172.799438,234215981.597032,234528468.160798,"high_neutrophil"
"450",469999994.977738,313968142.613667,238439502.527516,238283098.333403,238596009.38217,"high_neutrophil"
"451",479999994.870881,320648315.860766,242475191.554719,242318571.408612,242631912.930666,"high_neutrophil"
"452",489999994.764024,327328489.107865,246479702.998561,246322863.446967,246636642.413582,"high_neutrophil"
"453",499999994.657168,334008662.354964,250453488.593364,250296425.729437,250610650.015404,"high_neutrophil"
"454",509999994.550311,340688835.602064,254396989.150308,254239698.649699,254554376.961847,"high_neutrophil"
"455",519999994.443454,347369008.849163,258310634.989601,258153112.143184,258468253.955128,"high_neutrophil"
"456",529999994.336598,354049182.096262,262194846.347035,262037086.089801,262352701.584331,"high_neutrophil"
"457",539999994.229741,360729355.343362,266050033.756946,265892030.694969,266208130.710295,"high_neutrophil"
"458",549999994.122884,367409528.590461,269876598.413421,269718346.847822,270034942.829797,"high_neutrophil"
"459",559999994.016028,374089701.83756,273674932.511404,273516426.460136,273833530.418831,"high_neutrophil"
"460",569999993.909171,380769875.08466,277445419.569195,277286652.786477,277604277.257448,"high_neutrophil"
"461",579999993.802315,387450048.331759,281188434.733717,281029400.728481,281347558.735996,"high_neutrophil"
"462",589999993.695458,394130221.578858,284904372.91317,284745064.964361,285063769.990907,"high_neutrophil"
"463",599999993.588601,400810394.825957,288593578.193167,288433989.364631,288753255.321263,"high_neutrophil"
"464",609999993.481745,407490568.073057,292256389.756283,292096512.909805,292416354.11016,"high_neutrophil"
"465",619999993.374888,414170741.320156,295893151.95762,295732979.764719,296053410.901521,"high_neutrophil"
"466",629999993.268031,420850914.567255,299504202.088847,299343727.04069,299664763.166004,"high_neutrophil"
"467",639999993.161175,427531087.814355,303089870.602605,302929085.0198,303250741.525526,"high_neutrophil"
"468",649999993.054318,434211261.061454,306650481.326385,306489377.367774,306811669.968145,"high_neutrophil"
"469",659999992.947461,440891434.308553,310186351.666561,310024921.335776,310347866.054303,"high_neutrophil"
"470",669999992.840605,447571607.555652,313697792.803161,313536027.955587,313859641.111211,"high_neutrophil"
"471",679999992.733748,454251780.802752,317185109.875986,317023002.224278,317347300.420388,"high_neutrophil"
"472",689999992.626891,460931954.049851,320648602.162556,320486143.281798,320811143.395979,"high_neutrophil"
"473",699999992.520035,467612127.29695,324088563.248402,323925744.58049,324251463.755806,"high_neutrophil"
"474",709999992.413178,474292300.54405,327505281.19013,327342094.047205,327668549.68539,"high_neutrophil"
"475",719999992.306322,480972473.791149,330899038.671684,330735474.238766,331062683.994998,"high_neutrophil"
"476",729999992.199465,487652647.038248,334270152.305511,334106201.644308,334434183.419634,"high_neutrophil"
"477",739999992.092608,494332820.285347,337618989.119462,337454643.169028,337783415.109072,"high_neutrophil"
"478",749999991.985752,501012993.532447,340945706.594091,340780956.172808,341110536.663901,"high_neutrophil"
"479",759999991.878895,507693166.779546,344250635.882804,344085471.690483,344415879.355458,"high_neutrophil"
"480",769999991.772038,514373340.026645,347533946.259943,347368358.877137,347699612.57677,"high_neutrophil"
"481",779999991.665182,521053513.273745,350795891.096585,350629870.986252,350961989.815956,"high_neutrophil"
"482",789999991.558325,527733686.520844,354036803.943451,353870341.449727,354203344.742019,"high_neutrophil"
"483",799999991.451468,534413859.767943,357256888.306658,357089973.655954,357423880.978316,"high_neutrophil"
"484",809999991.344612,541094033.015043,360456345.004489,360288968.303894,360623799.462002,"high_neutrophil"
"485",819999991.237755,547774206.262142,363635410.362646,363467561.599623,363803336.637971,"high_neutrophil"
"486",829999991.130898,554454379.509241,366794107.886568,366625776.928174,366962516.131703,"high_neutrophil"
"487",839999991.024042,561134552.75634,369932806.404621,369763982.995095,370101706.893974,"high_neutrophil"
"488",849999990.917185,567814726.00344,373051794.884128,372882468.64485,373221198.014592,"high_neutrophil"
"489",859999990.810328,574494899.250539,376151294.129562,375981454.555835,376321210.423778,"high_neutrophil"
"490",869999990.703472,581175072.497638,379231521.305597,379061157.766273,379401961.412343,"high_neutrophil"
"491",879999990.596615,587855245.744738,382292557.412387,382121659.14662,382463532.109878,"high_neutrophil"
"492",889999990.489758,594535418.991837,385334682.332229,385163238.447502,385506202.530068,"high_neutrophil"
"493",899999990.382902,601215592.238936,388358162.380196,388186161.850051,388530239.121668,"high_neutrophil"
"494",909999990.276045,607895765.486035,391363201.017198,391190632.678806,391535845.481726,"high_neutrophil"
"495",919999990.169188,614575938.733135,394349998.462635,394176851.012964,394523221.969636,"high_neutrophil"
"496",929999990.062332,621256111.980234,397318751.766853,397145013.761677,397492565.776746,"high_neutrophil"
"497",939999989.955475,627936285.227333,400269654.881341,400095314.730187,400444071.000614,"high_neutrophil"
"498",949999989.848619,634616458.474433,403202898.726768,403027944.691349,403377928.709562,"high_neutrophil"
"499",959999989.741762,641296631.721532,406118671.258951,405943091.448804,406294327.011441,"high_neutrophil"
"500",969999989.634905,647976804.968631,409017157.532836,408840939.901884,409193451.116684,"high_neutrophil"
"501",979999989.528049,654656978.215731,411898539.764578,411721672.10852,412075483.399555,"high_neutrophil"
"502",989999989.421192,661337151.46283,414763061.559791,414585531.511504,414940667.628383,"high_neutrophil"
"503",999999989.314335,668017324.709929,417610859.457044,417432654.48266,417789140.508401,"high_neutrophil"
"504",1009999989.20748,674697497.957028,420442085.743349,420263193.138548,420621054.497012,"high_neutrophil"
"505",1019999989.10062,681377671.204128,423256942.980613,423077349.866462,423436612.330675,"high_neutrophil"
"506",1029999988.99377,688057844.451227,426055438.840001,425875132.158975,426235821.85913,"high_neutrophil"
"507",1039999988.88691,694738017.698326,428837865.694199,428656832.205005,429018975.638779,"high_neutrophil"
"508",1049999988.78005,701418190.945426,431604387.545235,431422613.818771,431786237.85945,"high_neutrophil"
"509",1059999988.6732,708098364.192525,434355166.000175,434172638.414697,434537770.320841,"high_neutrophil"
"510",1069999988.56634,714778537.439624,437090498.260152,436907202.996212,437273870.421779,"high_neutrophil"
"511",1079999988.45948,721458710.686723,439810501.38381,439626424.419897,439994655.423001,"high_neutrophil"
"512",1089999988.35263,728138883.933823,442515236.056931,442330363.163821,442700186.218049,"high_neutrophil"
"513",1099999988.24577,734819057.180922,445204854.734815,445019171.469692,445390615.47587,"high_neutrophil"
"514",1109999988.13891,741499230.428021,447879615.128298,447693106.830098,448066201.125584,"high_neutrophil"
"515",1119999988.03206,748179403.67512,450539485.758679,450352137.542263,450726911.912671,"high_neutrophil"
"516",1129999987.9252,754859576.92222,453184672.791975,452996469.5425,453372954.232927,"high_neutrophil"
"517",1139999987.81834,761539750.169319,455814993.837448,455625920.203904,456004145.931935,"high_neutrophil"
"518",1149999987.71149,768219923.416418,458430856.132283,458240896.521646,458620894.488954,"high_neutrophil"
"519",1159999987.60463,774900096.663518,461032574.543283,460841713.113718,461223515.019696,"high_neutrophil"
"520",1169999987.49777,781580269.910617,463620144.255238,463428364.911149,463812002.962869,"high_neutrophil"
"521",1179999987.39092,788260443.157716,466193736.086515,466001022.469787,466386529.399501,"high_neutrophil"
"522",1189999987.28406,794940616.404816,468753484.244529,468559819.729007,468947228.805208,"high_neutrophil"
"523",1199999987.1772,801620789.651915,471299521.103832,471104888.788689,471494233.829387,"high_neutrophil"
"524",1209999987.07035,808300962.899014,473831977.239491,473636359.940286,474027675.330905,"high_neutrophil"
"525",1219999986.96349,814981136.146113,476351032.650526,476154412.894366,476547733.597425,"high_neutrophil"
"526",1229999986.85663,821661309.393213,478857078.428543,478659438.444237,479054800.019018,"high_neutrophil"
"527",1239999986.74978,828341482.640312,481350025.662644,481151347.374218,481548785.989835,"high_neutrophil"
"528",1249999986.64292,835021655.887411,483829878.222426,483630143.241745,484029695.69189,"high_neutrophil"
"529",1259999986.53606,841701829.134511,486296528.43576,486095718.053275,486497421.774767,"high_neutrophil"
"530",1269999986.42921,848382002.38161,488750353.070494,488548448.247499,488952341.335689,"high_neutrophil"
"531",1279999986.32235,855062175.628709,491191871.797038,490988853.157986,491394974.382125,"high_neutrophil"
"532",1289999986.21549,861742348.875808,493620836.657863,493416684.481091,493825073.303022,"high_neutrophil"
"533",1299999986.10864,868422522.122908,496037073.311855,495831767.521339,496242464.111986,"high_neutrophil"
"534",1309999986.00178,875102695.370007,498440606.225472,498234126.382554,498647171.638452,"high_neutrophil"
"535",1319999985.89492,881782868.617106,500831887.512138,500624212.80516,501039648.369132,"high_neutrophil"
"536",1329999985.78807,888463041.864206,503211028.625432,503002137.862046,503420006.138651,"high_neutrophil"
"537",1339999985.68121,895143215.111305,505578310.793716,505368182.390833,505788526.566455,"high_neutrophil"
"538",1349999985.57435,901823388.358404,507933822.515987,507722434.491211,508145298.551248,"high_neutrophil"
"539",1359999985.4675,908503561.605504,510277527.548882,510064857.511202,510490286.258707,"high_neutrophil"
"540",1369999985.36064,915183734.852603,512609531.838702,512395556.977146,512823596.055523,"high_neutrophil"
"541",1379999985.25378,921863908.099702,514930056.519401,514714753.595951,515145449.50312,"high_neutrophil"
"542",1389999985.14693,928544081.346801,517239092.443738,517022437.78212,517455837.892987,"high_neutrophil"
"543",1399999985.04007,935224254.593901,519536476.677208,519318446.153327,519754598.73897,"high_neutrophil"
"544",1409999984.93321,941904427.841,521822371.097018,521602940.129578,522041894.375958,"high_neutrophil"
"545",1419999984.82636,948584601.088099,524097064.625986,523876208.166499,524318014.194445,"high_neutrophil"
"546",1429999984.7195,955264774.335199,526360655.424636,526138347.946069,526583056.834038,"high_neutrophil"
"547",1439999984.61264,961944947.582298,528613240.44555,528389455.935297,528837119.733446,"high_neutrophil"
"548",1449999984.50579,968625120.829397,530854915.452824,530629627.399341,531080299.156276,"high_neutrophil"
"549",1459999984.39893,975305294.076496,533085775.04112,532858956.426463,533312690.204185,"high_neutrophil"
"550",1469999984.29207,981985467.323596,535305912.654331,535077535.943054,535534386.839186,"high_neutrophil"
"551",1479999984.18522,988665640.570695,537515420.603866,537285457.733625,537745481.900225,"high_neutrophil"
"552",1489999984.07836,995345813.817794,539714390.08657,539482812.456723,539946067.123103,"high_neutrophil"
"553",1499999983.9715,1002025987.06489,541903157.553638,541669936.017992,542136479.505203,"high_neutrophil"
"554",1509999983.86465,1008706160.31199,544081245.999601,543846350.853839,544316242.599992,"high_neutrophil"
"555",1519999983.75779,1015386333.55909,546249061.059638,546012462.033261,546485762.609498,"high_neutrophil"
"556",1529999983.65093,1022066506.80619,548406689.598801,548168355.844673,548645126.976164,"high_neutrophil"
"557",1539999983.54408,1028746680.05329,550554217.451522,550314117.536588,550794422.121117,"high_neutrophil"
"558",1549999983.43722,1035426853.30039,552691729.43751,552449831.33326,552933733.460323,"high_neutrophil"
"559",1559999983.33036,1042107026.54749,554819309.377335,554575580.450571,555063145.419869,"high_neutrophil"
"560",1569999983.22351,1048787199.79459,556937040.107717,556691447.111636,557182741.450926,"high_neutrophil"
"561",1579999983.11665,1055467373.04169,559045003.496505,558797512.560524,559292604.046008,"high_neutrophil"
"562",1589999983.00979,1062147546.28879,561143280.457388,560893857.080014,561392814.750615,"high_neutrophil"
"563",1599999982.90294,1068827719.53589,563231996.86977,562980605.907508,563483500.087083,"high_neutrophil"
"564",1609999982.79608,1075507892.78299,565311821.684389,565058427.34627,565565329.654458,"high_neutrophil"
"565",1619999982.68922,1082188066.03009,567382219.373791,567126785.209916,567637768.585331,"high_neutrophil"
"566",1629999982.58237,1088868239.27718,569443267.526748,569185756.423192,569700895.133515,"high_neutrophil"
"567",1639999982.47551,1095548412.52428,571495042.848149,571235417.016541,571754786.679396,"high_neutrophil"
"568",1649999982.36865,1102228585.77138,573537621.172051,573275842.143916,573799519.738207,"high_neutrophil"
"569",1659999982.2618,1108908759.01848,575571077.474484,575307106.092856,575835169.975579,"high_neutrophil"
"570",1669999982.15494,1115588932.26558,577595310.783978,577329107.196097,577861637.117013,"high_neutrophil"
"571",1679999982.04808,1122269105.51268,579610121.597641,579341645.249627,579878722.361964,"high_neutrophil"
"572",1689999981.94123,1128949278.75978,581616010.244727,581345219.873671,581886926.74983,"high_neutrophil"
"573",1699999981.83437,1135629452.00688,583613376.069616,583340229.69691,583886650.341851,"high_neutrophil"
"574",1709999981.72751,1142309625.25398,585602006.049398,585326460.976636,585877680.836247,"high_neutrophil"
"575",1719999981.62066,1148989798.50108,587581939.615737,587303952.41779,587860058.392711,"high_neutrophil"
"576",1729999981.5138,1155669971.74818,589553245.993865,589272772.513856,589833852.969559,"high_neutrophil"
"577",1739999981.40694,1162350144.99528,591515993.645334,591232988.99004,591799133.766064,"high_neutrophil"
"578",1749999981.30009,1169030318.24238,593470250.278887,593184668.812606,593755969.234854,"high_neutrophil"
"579",1759999981.19323,1175710491.48948,595416082.861133,595127878.203824,595704427.088318,"high_neutrophil"
"580",1769999981.08637,1182390664.73657,597353557.627031,597062682.64778,597644574.313771,"high_neutrophil"
"581",1779999980.97952,1189070837.98367,599282332.038518,598988738.854041,599576069.127134,"high_neutrophil"
"582",1789999980.87266,1195751011.23077,601203363.918648,600907003.888051,601499870.11041,"high_neutrophil"
"583",1799999980.7658,1202431184.47787,603116611.74335,602817435.466948,603415936.499937,"high_neutrophil"
"584",1809999980.65895,1209111357.72497,605021649.049821,604719606.365232,605323842.597359,"high_neutrophil"
"585",1819999980.55209,1215791530.97207,606917239.036302,606612279.01666,607222352.367403,"high_neutrophil"
"586",1829999980.44523,1222471704.21917,608804817.561615,608496888.51292,609112902.4374,"high_neutrophil"
"587",1839999980.33838,1229151877.46627,610685295.135678,610374344.5967,610996404.086028,"high_neutrophil"
"588",1849999980.23152,1235832050.71337,612558662.827458,612244637.567141,612872849.153889,"high_neutrophil"
"589",1859999980.12466,1242512223.96047,614424398.790202,614107244.806863,614741716.566837,"high_neutrophil"
"590",1869999980.01781,1249192397.20757,616282377.962032,615962040.483627,616602882.035281,"high_neutrophil"
"591",1879999979.91095,1255872570.45467,618132658.64007,617809082.12304,618456404.629782,"high_neutrophil"
"592",1889999979.80409,1262552743.70177,619974677.20271,619647805.331902,620301721.502467,"high_neutrophil"
"593",1899999979.69724,1269232916.94887,621809062.205874,621478837.896087,622139461.981161,"high_neutrophil"
"594",1909999979.59038,1275913090.19596,623635936.276992,623302301.672048,623969749.466307,"high_neutrophil"
"595",1919999979.48352,1282593263.44306,625455355.635512,625118252.110696,625792640.94799,"high_neutrophil"
"596",1929999979.37667,1289273436.69016,627267375.914191,626926744.0765,627608192.829404,"high_neutrophil"
"597",1939999979.26981,1295953609.93726,629072052.166939,628727831.856851,629416460.933169,"high_neutrophil"
"598",1949999979.16295,1302633783.18436,630869438.876531,630521569.170287,631217500.508537,"high_neutrophil"
"599",1959999979.0561,1309313956.43146,632659589.962194,632308009.174076,633011366.23898,"high_neutrophil"
"600",1969999978.94924,1315994129.67856,634442558.787068,634087204.470723,634798112.250611,"high_neutrophil"
"601",1979999978.84238,1322674302.92566,636218398.165544,635859207.117244,636577792.117581,"high_neutrophil"
"602",1989999978.73553,1329354476.17276,637986594.626036,637623502.887928,638349893.125047,"high_neutrophil"
"603",1999999978.62867,1336034649.41986,639747530.32135,639380473.183885,640114798.179893,"high_neutrophil"
